{"playerPos":{"x":18.05522918701172,"y":21.902099609375,"z":0.0},"fallPos":{"x":0.0,"y":0.0,"z":0.0},"endPos":{"x":51.62522888183594,"y":22.012100219726564,"z":0.0},"fallSizeZ":0.0,"platformPos":[],"coinsPos":[]}